InstructorName,ProjectID,CompanyName,ProjectTitle,Confidentiality,IP,CourseTime,CourseName,PhysicalPrototype,
Choi Kyusun,0545b198-27a6-4,ARCCA Incorporated,Measurement of Perception Reaction Time (PRT) during Cycling,0,0,T R 8:00 am-9:55 am,CMPEN 482,1,
Choi Kyusun,6000c744-9094-4,FORD MOTOR COMPANY,Biometric Monitoring Prioritization,1,1,T R 8:00 am-9:55 am,CMPEN 482,1,
Choi Kyusun,2e61a1d2-79e0-4,Lippert Components Inc,Next Generation RV - Tow-able camper leveling system,1,1,T R 8:00 am-9:55 am,CMPEN 482,1,
Choi Kyusun,77ef8261-876f-4,PSU ARL 2,Firmware and Electronics Upgrades for a Directional Nozzle 3D Printer,0,0,T R 8:00 am-9:55 am,CMPEN 482,1,
Choi Kyusun,0f407669-3947-4,PSU Service Enterprise Engineering (SEE 360) 1,Occupancy Analytics Team 1,0,0,T R 8:00 am-9:55 am,CMPEN 482,1,
Choi Kyusun,f7f3892d-cfbe-4,Siemens Industry Inc.,IOT2040/LR100 Bluetooth Connectivity,1,1,T R 8:00 am-9:55 am,CMPEN 482,1,
Cubanski Dave,3f102941-d048-4,Bell Textron Inc.,Helicopter Safety Kit:  A Proximity Warning System for Alerting Ground Personnel When Approaching Conventional Open Tail Rotors in Operation,1,1,T R 8:00 am-9:55 am,E E 403W.001,1,
Cubanski Dave,ca7b8a48-3bc3-4,Exelon Corporation,Nuclear Safety System Room Cooler Performance,0,0,T R 8:00 am-9:55 am,E E 403W.001,1,
Cubanski Dave,b9eab711-8527-4,Janssen Research and Development,Patient/User Assistance Platform,1,1,T R 8:00 am-9:55 am,E E 403W.001,1,
Cubanski Dave,2e5ac81e-d455-4,Lockheed Martin Corporation 1,Electric Aircraft Conceptual Design,0,0,T R 11:15 am-1:10 pm,E E 403W.002,0,
Cubanski Dave,90745487-3ff7-4,PSU Interfacial Phenomena Laboratory (IPHEL) 2,Design of a Test Bench for Thermal Management Devices for Electronics Part 2: Circuit design and Control,0,0,T R 11:15 am-1:10 pm,E E 403W.002,1,
Cubanski Dave,0f43d8cd-db03-4,The Boeing Company 2,Electric Aircraft Conceptual Design,0,0,T R 11:15 am-1:10 pm,E E 403W.002,0,
Hylbert Lyndsey,d71210b6-be8b-4,Medtronic,Modular Septal Heart Wall and Conduction System,1,1,T R 8:00 am-9:55 am,BME 450.001,1,
Hylbert Lyndsey,ec51e970-6098-4,Monroe Satkovich,Chair for child with Cerebral Palsy,0,0,T R 8:00 am-9:55 am,BME 450.001,1,
Kimel Allen,724db9f0-e005-4,John Crane,Low temperature fracture mechanics and testing for 410 SS,1,0,T R 11:15 am-1:10 pm,MATSE 493,1,
Kimel Allen,682f2d38-86d4-4,PSU Architectural Eng Dept - Responsive and Adaptive Infrastructure Materials Research Group,Engineering Design of a Modern Electrochemical Migration Testing Device for Infrastructure and Building Materials,0,0,T R 11:15 am-1:10 pm,MATSE 493,0,
Kimel Allen,6e278412-e732-4,PSU Architectural Eng Dept 2,Multiphysics Modelling for Electro-migration in Saturated Porous Media,0,0,T R 11:15 am-1:10 pm,MATSE 493,1,
Kimel Allen,0861c740-09bb-4,Westinghouse Electric Company LLC,Neutron Capture Generated Delta Radiation Cancer Treatment Method,1,1,T R 11:15 am-1:10 pm,MATSE 493,1,
McComb Chris,ec0e90a5-6e71-4,Flowserve Inc,Harvesting Wave Energy Device,1,1,T R 8:00 am-9:55 am,EDSGN 460,1,
McComb Chris,9781e14d-fc40-4,G. M. McCrossin Inc.,Advanced Manufacturing for Concrete Construction,0,1,T R 8:00 am-9:55 am,EDSGN 460,1,
McComb Chris,0bcd7c8b-14cb-4,Hhg Drums 1,Snare drum and drum set lug strainer and butt plate design prototype and prepped for manufacturer - Team 1,0,0,T R 8:00 am-9:55 am,EDSGN 460,1,
McComb Chris,2fde4ae8-8594-4,PSU SEDTAPP - Law Policy and Engineering (LPE),The UN SDGs and NAE Grand Challenges - Developing Micro-credentials for Capacity Building in Sustainability,0,1,T R 8:00 am-9:55 am,EDSGN 460,0,
Neal Gary,14f5ea15-8837-4,Mid Atlantic Technical and Executive Consulting LLC,Hands Free Bathroom Stall Latch System,0,1,T R 8:00 am-9:55 am,M E 440.001,1,
Neal Gary,831194c8-e2f2-4,Pennsylvania Horse Racing Association,PA Horse Racing Association Virtual Reality Simulator,0,0,T R 8:00 am-9:55 am,M E 440.001,1,
Neal Gary,3a365436-7456-4,PSU Human Powered Vehicle (HPV),Human Powered Vehicle Design,0,0,T R 8:00 am-9:55 am,M E 440.001,1,
Neal Gary,2e9d4681-157f-42,Shell 1,Eco-Marathon Urban Concept Car - Team 1,0,0,T R 8:00 am-9:55 am,M E 440.001,1,
Neal Gary,2e9d4681-157f-4,Shell 2,Eco-Marathon Urban Concept Car - Team 2,0,0,T R 8:00 am-9:55 am,M E 440.001,1,
Purdum Charlie,166d8fb7-7682-4,Armstrong World Industries,Discrete Event Simulation Modeling of a Job-Shop Manufacturing Plant,1,0,T R 8:00 am-9:55 am,I E 480W.001,1,
Purdum Charlie,d6d33271-1954-4,King Krunch Gourmet Brands,King Krunch Gourmet Brands,1,1,T R 8:00 am-9:55 am,I E 480W.001,0,
Purdum Charlie,101a1ecf-67a6-4,Manitowoc Cranes,Ergonomic Seat Placement in a Crane Cabin,1,1,T R 8:00 am-9:55 am,I E 480W.001,1,
Purdum Charlie,32d2be21-cbd0-4,NCRMA AND Atlas Performance Group,Ergonomic analysis of workers during cannabis cultivation activities to reduce musculoskeletal injury,1,1,T R 8:00 am-9:55 am,I E 480W.001,0,
Purdum Charlie,30622905-15d8-4,PSU College of Medicine - Pediatrics,Novel Application of Model Based Systems Engineering (MBSE) to Healthcare II,0,0,T R 8:00 am-9:55 am,I E 480W.001,0,
Purdum Charlie,c0e723d0-dacd-4,PSU Industrial &amp; Manufacturing Eng Dept.,Take Back of Prescribed Opioids,0,0,T R 8:00 am-9:55 am,I E 480W.001,1,
Purdum Charlie,32455a55-cc2e-4,PSU Service Enterprise Engineering (SEE 360) 3,System Health Monitoring,0,0,T R 8:00 am-9:55 am,I E 480W.001,0,
Purdum Charlie,0bc325a5-f2c2-4,PSU Service Enterprise Engineering (SEE 360) 4,Designing Sustainable Food Supply Chains,0,0,T R 8:00 am-9:55 am,I E 480W.001,0,
Purdum Charlie,6b4efea4-2bba-4,Quaker Houghton,Metalworking Fluid Application Effects in High Speed Turning of Compacted Graphite Iron &amp; 80-55-06 Ductile Iron,0,1,T R 8:00 am-9:55 am,I E 480W.001,1,
Purdum Charlie,e0f1307f-9fa7-4,Witches&#39; Hollow - Mad McIntosh Cider,Mad McIntosh Cider Installation/Startup,0,0,T R 8:00 am-9:55 am,I E 480W.001,0,
Rattner Alex,8abcb3cc-d22e-4,Lion Turbine Company,High Pressure Reciprocating Piston Rod Pneumatic Air Seal,1,1,T R 11:15 am-1:10 pm,M E 440.003,1,
Rattner Alex,ccf22071-7e80-4,Morgan Advanced Materials,Computational Modeling of Electric Vacuum Pumps,1,1,T R 11:15 am-1:10 pm,M E 440.003,0,
Rattner Alex,83f39d62-05bc-4,PSU Interfacial Phenomena Laboratory (IPHEL) 1,Design of a Test Bench for Thermal Management Devices for Electronics Part 1: Thermo-mechanical design,0,0,T R 11:15 am-1:10 pm,M E 440.003,1,
Rattner Alex,0244ac7e-2d65-4,PSU Mechanical Eng. Dept 1,Testbed for Hybrid-Electric Aircraft with Distributed Propulsion,0,0,T R 11:15 am-1:10 pm,M E 440.003,1,
Rattner Alex,b7be8ef6-39d2-4,PSU Mechanical Eng. Dept 2,Design Optimization of an Undergraduate ME Lab for Power Generation,0,0,T R 11:15 am-1:10 pm,M E 440.003,1,
Rigas Marc,02081040-8f70-4,Beehive Home Buyer,A Model for Residential Property Evaluation,0,1,T R 8:00 am-9:55 am,DS 440.001,0,
Rigas Marc,cd7dae9b-1ba1-4,Epic Energy,Data integration and visualization of public construction-related data to support energy improvements,0,1,T R 8:00 am-9:55 am,DS 440.001,0,
Rigas Marc,6c629633-cd26-4,Penn State Milton S. Hershey Medical Center 2,Time Driven Activity Based Costing Dashboard - Team 2,0,0,T R 8:00 am-9:55 am,DS 440.001,0,
Rigas Marc,35a5e24e-6607-4,PSU Engineering Leadership Development 1,Automated Contact Management,0,0,T R 8:00 am-9:55 am,DS 440.001,0,
Rigas Marc,1901f2a1-4910-4,PSU Engineering Leadership Development 2,Open Repository for Data Sciences,0,0,T R 8:00 am-9:55 am,DS 440.001,0,
Rigas Marc,8556ad1e-7e96-4,PSU Human Development and Family Studies,Assessing student skills from unstructured data,0,0,T R 8:00 am-9:55 am,DS 440.001,0,
Rigas Marc,a9353913-a2ee-4,PSU IST,Exploring relationships between mobility and COVID-19 related deaths,0,0,T R 8:00 am-9:55 am,DS 440.001,0,
Rigas Marc,3d5cd305-e67d-4,PSU Manufacturing and Sterilization for COVID-19 (MASC),Improving estimates of PPE stocks,0,0,T R 8:00 am-9:55 am,DS 440.001,0,
Verbanec Al,49513b89-b2d0-4,Deuxpan,Software development for 3-D printing,1,1,T R 8:00 am-9:55 am,CMPSC 483.001,0,
Verbanec Al,24d8b7da-dec8-4,John Deere,Mowing Damage Detection Using Computer Vision,1,1,T R 8:00 am-9:55 am,CMPSC 483.001,0,
Verbanec Al,f22c3dd4-b660-4,Lockheed Martin Corporation 2,Lockheed Martin: AI/ML SAR – Artificial Intelligence &amp; Machine Learning Search and Rescue Mission,0,0,T R 11:15 am-1:10 pm,CMPSC 483.002,0,
Verbanec Al,0505d1da-a842-4,Penn State Applied Research Laboratory,Sea Air and Land Challenge Web Update and Marketing Support,0,1,T R 11:15 am-1:10 pm,CMPSC 483.002,0,
Verbanec Al,6c629633-cd26-41,Penn State Milton S. Hershey Medical Center 1,Time Driven Activity Based Costing Dashboard - Team 1,0,0,T R 11:15 am-1:10 pm,CMPSC 483.002,0,
Verbanec Al,c7799778-56e4-4,PSU ARL 1,Coordinating Cyber Community Protection Operation (C-3PO),0,0,T R 8:00 am-9:55 am,CMPSC 483.001,0,
Verbanec Al,86cab326-9ab5-4,PSU SEDTAPP and the Epic Foundation,Chatbot Support for Complex Engineering Design through Slack,0,0,T R 11:15 am-1:10 pm,CMPSC 483.002,0,
Verbanec Al,2f393e6c-77ef-4,PSU SEDTAPP with Rexnord,Design of a Versatile Cloud Computing Platform for Additive Manufacturing Analysis,0,0,T R 11:15 am-1:10 pm,CMPSC 483.002,0,
Verbanec Al,e94dd318-c2ba-4,PSU Service Enterprise Engineering (SEE 360) 5,Organ Allocation/Distribution,0,0,T R 8:00 am-9:55 am,CMPSC 483.001,0,
Verbanec Al,877334da-90a3-4,QuantaVerse LLC,Enhanced Architecture for QuantaVerse AI Financial Crime Risk Models.,1,1,T R 8:00 am-9:55 am,CMPSC 483.001,0,
Verbanec Al,2b06edc0-f592-4,Westinghouse Electric Company LLC,Structural Analysis Post-Processing Java Tool,1,1,T R 11:15 am-1:10 pm,CMPSC 483.002,0,
Wang Donghai,2e32e832-f190-4,B. Braun Medical Inc,Computer Modelling Metadata Plan,1,1,T R 11:15 am-1:10 pm,M E 440.005,0,
Wang Donghai,e53b5272-6e0c-4,GE-Hitachi Nuclear Energy Americas LLC,PRISM Carousel for Used Fuel Buffer Storage,1,1,T R 11:15 am-1:10 pm,M E 440.005,0,
Wang Donghai,0bcd7c8b-14cb-42,Hhg Drums 2,Snare drum and drum set lug strainer and butt plate design prototype and prepped for manufacturer - Team 2,0,0,T R 11:15 am-1:10 pm,M E 440.005,1,
Wang Donghai,12fb7a25-1fad-4,John Crane,Power consumption test rig,1,0,T R 11:15 am-1:10 pm,M E 440.005,1,
Wang Donghai,089e0240-6c1b-4,PSU Chemical Eng. Dept.,Food Security Challenge - Plant Micropropagation Bioreactor that is Low-cost and Easily Deployed,0,0,T R 11:15 am-1:10 pm,M E 440.005,1,
Wang Donghai,3a9e0751-fce4-4,The Boeing Company 1,Aircraft Gearbox Lubrication Passage Inspection,0,0,T R 11:15 am-1:10 pm,M E 440.005,1,
Zoubeida Ounaies,fbb2c613-e03c-4,PSU Center for Biodevices,Design of test fixtures for protective devices used in endoscopic skull surgery,1,1,T R 8:00 am-9:55 am,M E 440.002,1,
Zoubeida Ounaies,11cb5989-0c5e-4,PSU Convergence Center for Living Multifunctional Material Systems (LiMC2) 1,Fabrication of a three - terminal neuromorphic material test bed,0,0,T R 8:00 am-9:55 am,M E 440.002,1,
Zoubeida Ounaies,7add3a74-85a1-4,PSU Convergence Center for Living Multifunctional Material Systems (LiMC2) 2,Snap-through facade design: Exploring bi-stability for kinetic building shadings,0,0,T R 8:00 am-9:55 am,M E 440.002,1,
Zoubeida Ounaies,280b1219-7956-4,PSU Convergence Center for Living Multifunctional Material Systems (LiMC2) 3,Printing of bio-composites using Direct Ink Writing,0,0,T R 8:00 am-9:55 am,M E 440.002,1,
Zoubeida Ounaies,bcc3923e-6dfd-4,PSU School of Visual Arts (SOVA),DIY Dye Cart 2.0,0,0,T R 8:00 am-9:55 am,M E 440.002,1,
